-- phpMyAdmin SQL Dump
-- version 4.0.4.1
-- http://www.phpmyadmin.net
--
-- Inang: 127.0.0.1
-- Waktu pembuatan: 29 Okt 2013 pada 11.46
-- Versi Server: 5.5.32
-- Versi PHP: 5.4.19

SET FOREIGN_KEY_CHECKS=0;
SET SQL_MODE = "NO_AUTO_VALUE_ON_ZERO";
SET time_zone = "+00:00";


/*!40101 SET @OLD_CHARACTER_SET_CLIENT=@@CHARACTER_SET_CLIENT */;
/*!40101 SET @OLD_CHARACTER_SET_RESULTS=@@CHARACTER_SET_RESULTS */;
/*!40101 SET @OLD_COLLATION_CONNECTION=@@COLLATION_CONNECTION */;
/*!40101 SET NAMES utf8 */;

--
-- Basis data: `ruserba`
--
-- CREATE DATABASE IF NOT EXISTS `ruserba` DEFAULT CHARACTER SET latin1 COLLATE latin1_swedish_ci;
-- USE `ruserba`;

-- --------------------------------------------------------

--
-- Struktur dari tabel `account`
--

DROP TABLE IF EXISTS `account`;
CREATE TABLE IF NOT EXISTS `account` (
  `id` int(11) NOT NULL AUTO_INCREMENT,
  `username` varchar(128) NOT NULL,
  `password` varchar(128) NOT NULL,
  `nama` varchar(128) NOT NULL,
  `email` varchar(128) NOT NULL,
  `alamat` varchar(128) NOT NULL,
  `provinsi` varchar(128) NOT NULL,
  `kota` varchar(128) NOT NULL,
  `kodepos` varchar(128) NOT NULL,
  `telepon` varchar(128) NOT NULL,
  `auth_key` varchar(128) DEFAULT NULL,
  PRIMARY KEY (`id`)
) ENGINE=InnoDB  DEFAULT CHARSET=latin1 AUTO_INCREMENT=6 ;

--
-- Dumping data untuk tabel `account`
--

INSERT INTO `account` (`id`, `username`, `password`, `nama`, `email`, `alamat`, `provinsi`, `kota`, `kodepos`, `telepon`, `auth_key`) VALUES
(2, 'sonny', 'sonny', 'sonny lazuardi hermawan', 'sonnylazuardi@gmail.com', 'jl onta no 8 antapani', 'jawa barat', 'bandung', '90123', '08123123123', '7fbac3570f6da74885e04bf45ce52b14'),
(5, 'evanart', 'vanart123', 'evan daryanto', 'evan@gmail.com', 'jalan onta no 9', 'Jawa Barat', 'Bandung', '40123123', '0812313123', '40981a98a0fbeb0554ae56866b0457a5');

-- --------------------------------------------------------

--
-- Struktur dari tabel `barang`
--

DROP TABLE IF EXISTS `barang`;
CREATE TABLE IF NOT EXISTS `barang` (
  `id` int(11) NOT NULL AUTO_INCREMENT,
  `id_kategori` int(11) NOT NULL,
  `nama` varchar(25) NOT NULL,
  `harga` int(11) NOT NULL,
  `gambar` varchar(128) DEFAULT NULL,
  `stok` int(11) NOT NULL,
  `counter` int(11) NOT NULL DEFAULT '0',
  `keterangan` text NOT NULL,
  PRIMARY KEY (`id`)
) ENGINE=InnoDB  DEFAULT CHARSET=latin1 AUTO_INCREMENT=72 ;

--
-- Dumping data untuk tabel `barang`
--

INSERT INTO `barang` (`id`, `id_kategori`, `nama`, `harga`, `gambar`, `stok`, `counter`, `keterangan`) VALUES
(1, 1, 'Valentine Red Dress', 530000, '1.jpg', 5, 13, 'Lorem ipsum dolor sit amet, consectetur adipiscing elit. Praesent elit lorem, scelerisque sed sapien non, vestibulum venenatis nisi. Nullam in arcu eleifend nunc volutpat venenatis a sed massa. Nullam eget congue eros. Donec tincidunt dui arcu. Aliquam erat volutpat.<br/>Vivamus ullamcorper massa facilisis orci sodales imperdiet. Suspendisse aliquet sodales eros, sit amet tincidunt eros pulvinar et. Etiam id nibh enim. Nullam turpis enim, lacinia a dictum vitae, posuere non risus. Maecenas interdum augue eget nisl consectetur, in rhoncus ligula eleifend.<br/>Nullam non ligula consequat, consequat dolor et, vulputate nisl. Nunc varius mollis enim, euismod posuere quam malesuada at. '),
(2, 1, 'Black Lace Cocktail Dress', 550000, '2.jpg', 3, 21, 'Lorem ipsum dolor sit amet, consectetur adipiscing elit. Praesent elit lorem, scelerisque sed sapien non, vestibulum venenatis nisi. Nullam in arcu eleifend nunc volutpat venenatis a sed massa. Nullam eget congue eros. Donec tincidunt dui arcu. Aliquam erat volutpat.<br/>Vivamus ullamcorper massa facilisis orci sodales imperdiet. Suspendisse aliquet sodales eros, sit amet tincidunt eros pulvinar et. Etiam id nibh enim. Nullam turpis enim, lacinia a dictum vitae, posuere non risus. Maecenas interdum augue eget nisl consectetur, in rhoncus ligula eleifend.<br/>Nullam non ligula consequat, consequat dolor et, vulputate nisl. Nunc varius mollis enim, euismod posuere quam malesuada at. '),
(3, 1, 'Black Strapless Dress ', 420000, '3.jpg', 2, 12, 'Lorem ipsum dolor sit amet, consectetur adipiscing elit. Praesent elit lorem, scelerisque sed sapien non, vestibulum venenatis nisi. Nullam in arcu eleifend nunc volutpat venenatis a sed massa. Nullam eget congue eros. Donec tincidunt dui arcu. Aliquam erat volutpat.<br/>Vivamus ullamcorper massa facilisis orci sodales imperdiet. Suspendisse aliquet sodales eros, sit amet tincidunt eros pulvinar et. Etiam id nibh enim. Nullam turpis enim, lacinia a dictum vitae, posuere non risus. Maecenas interdum augue eget nisl consectetur, in rhoncus ligula eleifend.<br/>Nullam non ligula consequat, consequat dolor et, vulputate nisl. Nunc varius mollis enim, euismod posuere quam malesuada at. '),
(4, 1, 'Red Velvet Mini Dress', 600000, '4.jpg', 10, 42, 'Lorem ipsum dolor sit amet, consectetur adipiscing elit. Praesent elit lorem, scelerisque sed sapien non, vestibulum venenatis nisi. Nullam in arcu eleifend nunc volutpat venenatis a sed massa. Nullam eget congue eros. Donec tincidunt dui arcu. Aliquam erat volutpat.<br/>Vivamus ullamcorper massa facilisis orci sodales imperdiet. Suspendisse aliquet sodales eros, sit amet tincidunt eros pulvinar et. Etiam id nibh enim. Nullam turpis enim, lacinia a dictum vitae, posuere non risus. Maecenas interdum augue eget nisl consectetur, in rhoncus ligula eleifend.<br/>Nullam non ligula consequat, consequat dolor et, vulputate nisl. Nunc varius mollis enim, euismod posuere quam malesuada at. '),
(5, 1, 'Black Dotted Dress', 380000, '5.jpg', 10, 42, 'Lorem ipsum dolor sit amet, consectetur adipiscing elit. Praesent elit lorem, scelerisque sed sapien non, vestibulum venenatis nisi. Nullam in arcu eleifend nunc volutpat venenatis a sed massa. Nullam eget congue eros. Donec tincidunt dui arcu. Aliquam erat volutpat.<br/>Vivamus ullamcorper massa facilisis orci sodales imperdiet. Suspendisse aliquet sodales eros, sit amet tincidunt eros pulvinar et. Etiam id nibh enim. Nullam turpis enim, lacinia a dictum vitae, posuere non risus. Maecenas interdum augue eget nisl consectetur, in rhoncus ligula eleifend.<br/>Nullam non ligula consequat, consequat dolor et, vulputate nisl. Nunc varius mollis enim, euismod posuere quam malesuada at. '),
(6, 1, 'Slim Suit Dress', 350000, '6.jpg', 10, 12, 'Lorem ipsum dolor sit amet, consectetur adipiscing elit. Praesent elit lorem, scelerisque sed sapien non, vestibulum venenatis nisi. Nullam in arcu eleifend nunc volutpat venenatis a sed massa. Nullam eget congue eros. Donec tincidunt dui arcu. Aliquam erat volutpat.<br/>Vivamus ullamcorper massa facilisis orci sodales imperdiet. Suspendisse aliquet sodales eros, sit amet tincidunt eros pulvinar et. Etiam id nibh enim. Nullam turpis enim, lacinia a dictum vitae, posuere non risus. Maecenas interdum augue eget nisl consectetur, in rhoncus ligula eleifend.<br/>Nullam non ligula consequat, consequat dolor et, vulputate nisl. Nunc varius mollis enim, euismod posuere quam malesuada at. '),
(7, 1, 'Valentino Grey Dress', 420000, '7.jpg', 12, 24, 'Lorem ipsum dolor sit amet, consectetur adipiscing elit. Praesent elit lorem, scelerisque sed sapien non, vestibulum venenatis nisi. Nullam in arcu eleifend nunc volutpat venenatis a sed massa. Nullam eget congue eros. Donec tincidunt dui arcu. Aliquam erat volutpat.<br/>Vivamus ullamcorper massa facilisis orci sodales imperdiet. Suspendisse aliquet sodales eros, sit amet tincidunt eros pulvinar et. Etiam id nibh enim. Nullam turpis enim, lacinia a dictum vitae, posuere non risus. Maecenas interdum augue eget nisl consectetur, in rhoncus ligula eleifend.<br/>Nullam non ligula consequat, consequat dolor et, vulputate nisl. Nunc varius mollis enim, euismod posuere quam malesuada at. '),
(8, 1, 'St. Gabrielle Red Party D', 890000, '8.jpg', 10, 43, 'Lorem ipsum dolor sit amet, consectetur adipiscing elit. Praesent elit lorem, scelerisque sed sapien non, vestibulum venenatis nisi. Nullam in arcu eleifend nunc volutpat venenatis a sed massa. Nullam eget congue eros. Donec tincidunt dui arcu. Aliquam erat volutpat.<br/>Vivamus ullamcorper massa facilisis orci sodales imperdiet. Suspendisse aliquet sodales eros, sit amet tincidunt eros pulvinar et. Etiam id nibh enim. Nullam turpis enim, lacinia a dictum vitae, posuere non risus. Maecenas interdum augue eget nisl consectetur, in rhoncus ligula eleifend.<br/>Nullam non ligula consequat, consequat dolor et, vulputate nisl. Nunc varius mollis enim, euismod posuere quam malesuada at. '),
(9, 1, 'Fringe Black Mini Dress', 560000, '9.jpg', 8, 63, 'Lorem ipsum dolor sit amet, consectetur adipiscing elit. Praesent elit lorem, scelerisque sed sapien non, vestibulum venenatis nisi. Nullam in arcu eleifend nunc volutpat venenatis a sed massa. Nullam eget congue eros. Donec tincidunt dui arcu. Aliquam erat volutpat.<br/>Vivamus ullamcorper massa facilisis orci sodales imperdiet. Suspendisse aliquet sodales eros, sit amet tincidunt eros pulvinar et. Etiam id nibh enim. Nullam turpis enim, lacinia a dictum vitae, posuere non risus. Maecenas interdum augue eget nisl consectetur, in rhoncus ligula eleifend.<br/>Nullam non ligula consequat, consequat dolor et, vulputate nisl. Nunc varius mollis enim, euismod posuere quam malesuada at. '),
(10, 1, 'Gold Shiny Sequined Dress', 480000, '10.gif', 12, 36, 'Lorem ipsum dolor sit amet, consectetur adipiscing elit. Praesent elit lorem, scelerisque sed sapien non, vestibulum venenatis nisi. Nullam in arcu eleifend nunc volutpat venenatis a sed massa. Nullam eget congue eros. Donec tincidunt dui arcu. Aliquam erat volutpat.<br/>Vivamus ullamcorper massa facilisis orci sodales imperdiet. Suspendisse aliquet sodales eros, sit amet tincidunt eros pulvinar et. Etiam id nibh enim. Nullam turpis enim, lacinia a dictum vitae, posuere non risus. Maecenas interdum augue eget nisl consectetur, in rhoncus ligula eleifend.<br/>Nullam non ligula consequat, consequat dolor et, vulputate nisl. Nunc varius mollis enim, euismod posuere quam malesuada at. '),
(11, 1, 'Silver Shiny Sequined Dre', 480000, '11.jpg', 13, 36, 'Lorem ipsum dolor sit amet, consectetur adipiscing elit. Praesent elit lorem, scelerisque sed sapien non, vestibulum venenatis nisi. Nullam in arcu eleifend nunc volutpat venenatis a sed massa. Nullam eget congue eros. Donec tincidunt dui arcu. Aliquam erat volutpat.<br/>Vivamus ullamcorper massa facilisis orci sodales imperdiet. Suspendisse aliquet sodales eros, sit amet tincidunt eros pulvinar et. Etiam id nibh enim. Nullam turpis enim, lacinia a dictum vitae, posuere non risus. Maecenas interdum augue eget nisl consectetur, in rhoncus ligula eleifend.<br/>Nullam non ligula consequat, consequat dolor et, vulputate nisl. Nunc varius mollis enim, euismod posuere quam malesuada at. '),
(12, 1, 'Short V-Neck Black Dress ', 520000, '12.jpg', 14, 64, 'Lorem ipsum dolor sit amet, consectetur adipiscing elit. Praesent elit lorem, scelerisque sed sapien non, vestibulum venenatis nisi. Nullam in arcu eleifend nunc volutpat venenatis a sed massa. Nullam eget congue eros. Donec tincidunt dui arcu. Aliquam erat volutpat.<br/>Vivamus ullamcorper massa facilisis orci sodales imperdiet. Suspendisse aliquet sodales eros, sit amet tincidunt eros pulvinar et. Etiam id nibh enim. Nullam turpis enim, lacinia a dictum vitae, posuere non risus. Maecenas interdum augue eget nisl consectetur, in rhoncus ligula eleifend.<br/>Nullam non ligula consequat, consequat dolor et, vulputate nisl. Nunc varius mollis enim, euismod posuere quam malesuada at. '),
(13, 1, 'Fitted Short Sleeveless D', 430000, '13.jpg', 11, 46, 'Lorem ipsum dolor sit amet, consectetur adipiscing elit. Praesent elit lorem, scelerisque sed sapien non, vestibulum venenatis nisi. Nullam in arcu eleifend nunc volutpat venenatis a sed massa. Nullam eget congue eros. Donec tincidunt dui arcu. Aliquam erat volutpat.<br/>Vivamus ullamcorper massa facilisis orci sodales imperdiet. Suspendisse aliquet sodales eros, sit amet tincidunt eros pulvinar et. Etiam id nibh enim. Nullam turpis enim, lacinia a dictum vitae, posuere non risus. Maecenas interdum augue eget nisl consectetur, in rhoncus ligula eleifend.<br/>Nullam non ligula consequat, consequat dolor et, vulputate nisl. Nunc varius mollis enim, euismod posuere quam malesuada at. '),
(14, 1, 'Short V-Neck Black Dress ', 350000, '14.jpg', 3, 59, 'Lorem ipsum dolor sit amet, consectetur adipiscing elit. Praesent elit lorem, scelerisque sed sapien non, vestibulum venenatis nisi. Nullam in arcu eleifend nunc volutpat venenatis a sed massa. Nullam eget congue eros. Donec tincidunt dui arcu. Aliquam erat volutpat.<br/>Vivamus ullamcorper massa facilisis orci sodales imperdiet. Suspendisse aliquet sodales eros, sit amet tincidunt eros pulvinar et. Etiam id nibh enim. Nullam turpis enim, lacinia a dictum vitae, posuere non risus. Maecenas interdum augue eget nisl consectetur, in rhoncus ligula eleifend.<br/>Nullam non ligula consequat, consequat dolor et, vulputate nisl. Nunc varius mollis enim, euismod posuere quam malesuada at. '),
(15, 1, 'Jump One Blue Dress', 380000, '15.jpg', 5, 19, 'Lorem ipsum dolor sit amet, consectetur adipiscing elit. Praesent elit lorem, scelerisque sed sapien non, vestibulum venenatis nisi. Nullam in arcu eleifend nunc volutpat venenatis a sed massa. Nullam eget congue eros. Donec tincidunt dui arcu. Aliquam erat volutpat.<br/>Vivamus ullamcorper massa facilisis orci sodales imperdiet. Suspendisse aliquet sodales eros, sit amet tincidunt eros pulvinar et. Etiam id nibh enim. Nullam turpis enim, lacinia a dictum vitae, posuere non risus. Maecenas interdum augue eget nisl consectetur, in rhoncus ligula eleifend.<br/>Nullam non ligula consequat, consequat dolor et, vulputate nisl. Nunc varius mollis enim, euismod posuere quam malesuada at. '),
(16, 2, 'Stefania Red Heels', 500000, '16.jpg', 42, 24, 'Lorem ipsum dolor sit amet, consectetur adipiscing elit. Praesent elit lorem, scelerisque sed sapien non, vestibulum venenatis nisi. Nullam in arcu eleifend nunc volutpat venenatis a sed massa. Nullam eget congue eros. Donec tincidunt dui arcu. Aliquam erat volutpat.<br/>Vivamus ullamcorper massa facilisis orci sodales imperdiet. Suspendisse aliquet sodales eros, sit amet tincidunt eros pulvinar et. Etiam id nibh enim. Nullam turpis enim, lacinia a dictum vitae, posuere non risus. Maecenas interdum augue eget nisl consectetur, in rhoncus ligula eleifend.<br/>Nullam non ligula consequat, consequat dolor et, vulputate nisl. Nunc varius mollis enim, euismod posuere quam malesuada at. '),
(17, 2, 'Valentia Black Heels', 470000, '17.jpg', 8, 20, 'Lorem ipsum dolor sit amet, consectetur adipiscing elit. Praesent elit lorem, scelerisque sed sapien non, vestibulum venenatis nisi. Nullam in arcu eleifend nunc volutpat venenatis a sed massa. Nullam eget congue eros. Donec tincidunt dui arcu. Aliquam erat volutpat.<br/>Vivamus ullamcorper massa facilisis orci sodales imperdiet. Suspendisse aliquet sodales eros, sit amet tincidunt eros pulvinar et. Etiam id nibh enim. Nullam turpis enim, lacinia a dictum vitae, posuere non risus. Maecenas interdum augue eget nisl consectetur, in rhoncus ligula eleifend.<br/>Nullam non ligula consequat, consequat dolor et, vulputate nisl. Nunc varius mollis enim, euismod posuere quam malesuada at. '),
(18, 2, 'Chaterine Purple Wedges', 650000, '18.jpg', 16, 57, 'Lorem ipsum dolor sit amet, consectetur adipiscing elit. Praesent elit lorem, scelerisque sed sapien non, vestibulum venenatis nisi. Nullam in arcu eleifend nunc volutpat venenatis a sed massa. Nullam eget congue eros. Donec tincidunt dui arcu. Aliquam erat volutpat.<br/>Vivamus ullamcorper massa facilisis orci sodales imperdiet. Suspendisse aliquet sodales eros, sit amet tincidunt eros pulvinar et. Etiam id nibh enim. Nullam turpis enim, lacinia a dictum vitae, posuere non risus. Maecenas interdum augue eget nisl consectetur, in rhoncus ligula eleifend.<br/>Nullam non ligula consequat, consequat dolor et, vulputate nisl. Nunc varius mollis enim, euismod posuere quam malesuada at. '),
(19, 2, 'Monica Purple Heels', 550000, '19.jpg', 49, 47, 'Lorem ipsum dolor sit amet, consectetur adipiscing elit. Praesent elit lorem, scelerisque sed sapien non, vestibulum venenatis nisi. Nullam in arcu eleifend nunc volutpat venenatis a sed massa. Nullam eget congue eros. Donec tincidunt dui arcu. Aliquam erat volutpat.<br/>Vivamus ullamcorper massa facilisis orci sodales imperdiet. Suspendisse aliquet sodales eros, sit amet tincidunt eros pulvinar et. Etiam id nibh enim. Nullam turpis enim, lacinia a dictum vitae, posuere non risus. Maecenas interdum augue eget nisl consectetur, in rhoncus ligula eleifend.<br/>Nullam non ligula consequat, consequat dolor et, vulputate nisl. Nunc varius mollis enim, euismod posuere quam malesuada at. '),
(20, 2, 'White Cristal Heels', 700000, '20.jpg', 2, 36, 'Lorem ipsum dolor sit amet, consectetur adipiscing elit. Praesent elit lorem, scelerisque sed sapien non, vestibulum venenatis nisi. Nullam in arcu eleifend nunc volutpat venenatis a sed massa. Nullam eget congue eros. Donec tincidunt dui arcu. Aliquam erat volutpat.<br/>Vivamus ullamcorper massa facilisis orci sodales imperdiet. Suspendisse aliquet sodales eros, sit amet tincidunt eros pulvinar et. Etiam id nibh enim. Nullam turpis enim, lacinia a dictum vitae, posuere non risus. Maecenas interdum augue eget nisl consectetur, in rhoncus ligula eleifend.<br/>Nullam non ligula consequat, consequat dolor et, vulputate nisl. Nunc varius mollis enim, euismod posuere quam malesuada at. '),
(21, 2, 'White Vine Heels', 500000, '21.jpg', 12, 28, 'Lorem ipsum dolor sit amet, consectetur adipiscing elit. Praesent elit lorem, scelerisque sed sapien non, vestibulum venenatis nisi. Nullam in arcu eleifend nunc volutpat venenatis a sed massa. Nullam eget congue eros. Donec tincidunt dui arcu. Aliquam erat volutpat.<br/>Vivamus ullamcorper massa facilisis orci sodales imperdiet. Suspendisse aliquet sodales eros, sit amet tincidunt eros pulvinar et. Etiam id nibh enim. Nullam turpis enim, lacinia a dictum vitae, posuere non risus. Maecenas interdum augue eget nisl consectetur, in rhoncus ligula eleifend.<br/>Nullam non ligula consequat, consequat dolor et, vulputate nisl. Nunc varius mollis enim, euismod posuere quam malesuada at. '),
(22, 2, 'Olivia Heels', 480000, '22.jpg', 35, 80, 'Lorem ipsum dolor sit amet, consectetur adipiscing elit. Praesent elit lorem, scelerisque sed sapien non, vestibulum venenatis nisi. Nullam in arcu eleifend nunc volutpat venenatis a sed massa. Nullam eget congue eros. Donec tincidunt dui arcu. Aliquam erat volutpat.<br/>Vivamus ullamcorper massa facilisis orci sodales imperdiet. Suspendisse aliquet sodales eros, sit amet tincidunt eros pulvinar et. Etiam id nibh enim. Nullam turpis enim, lacinia a dictum vitae, posuere non risus. Maecenas interdum augue eget nisl consectetur, in rhoncus ligula eleifend.<br/>Nullam non ligula consequat, consequat dolor et, vulputate nisl. Nunc varius mollis enim, euismod posuere quam malesuada at. '),
(23, 2, 'Amelia Heels', 420000, '23.jpg', 48, 25, 'Lorem ipsum dolor sit amet, consectetur adipiscing elit. Praesent elit lorem, scelerisque sed sapien non, vestibulum venenatis nisi. Nullam in arcu eleifend nunc volutpat venenatis a sed massa. Nullam eget congue eros. Donec tincidunt dui arcu. Aliquam erat volutpat.<br/>Vivamus ullamcorper massa facilisis orci sodales imperdiet. Suspendisse aliquet sodales eros, sit amet tincidunt eros pulvinar et. Etiam id nibh enim. Nullam turpis enim, lacinia a dictum vitae, posuere non risus. Maecenas interdum augue eget nisl consectetur, in rhoncus ligula eleifend.<br/>Nullam non ligula consequat, consequat dolor et, vulputate nisl. Nunc varius mollis enim, euismod posuere quam malesuada at. '),
(24, 2, 'Elvin Dark Heels', 380000, '24.jpg', 32, 25, 'Lorem ipsum dolor sit amet, consectetur adipiscing elit. Praesent elit lorem, scelerisque sed sapien non, vestibulum venenatis nisi. Nullam in arcu eleifend nunc volutpat venenatis a sed massa. Nullam eget congue eros. Donec tincidunt dui arcu. Aliquam erat volutpat.<br/>Vivamus ullamcorper massa facilisis orci sodales imperdiet. Suspendisse aliquet sodales eros, sit amet tincidunt eros pulvinar et. Etiam id nibh enim. Nullam turpis enim, lacinia a dictum vitae, posuere non risus. Maecenas interdum augue eget nisl consectetur, in rhoncus ligula eleifend.<br/>Nullam non ligula consequat, consequat dolor et, vulputate nisl. Nunc varius mollis enim, euismod posuere quam malesuada at. '),
(25, 2, 'Nicole Kidman Heels', 430000, '25.jpg', 48, 36, 'Lorem ipsum dolor sit amet, consectetur adipiscing elit. Praesent elit lorem, scelerisque sed sapien non, vestibulum venenatis nisi. Nullam in arcu eleifend nunc volutpat venenatis a sed massa. Nullam eget congue eros. Donec tincidunt dui arcu. Aliquam erat volutpat.<br/>Vivamus ullamcorper massa facilisis orci sodales imperdiet. Suspendisse aliquet sodales eros, sit amet tincidunt eros pulvinar et. Etiam id nibh enim. Nullam turpis enim, lacinia a dictum vitae, posuere non risus. Maecenas interdum augue eget nisl consectetur, in rhoncus ligula eleifend.<br/>Nullam non ligula consequat, consequat dolor et, vulputate nisl. Nunc varius mollis enim, euismod posuere quam malesuada at. '),
(26, 2, 'Sara Jay Heels', 360000, '26.jpg', 42, 34, 'Lorem ipsum dolor sit amet, consectetur adipiscing elit. Praesent elit lorem, scelerisque sed sapien non, vestibulum venenatis nisi. Nullam in arcu eleifend nunc volutpat venenatis a sed massa. Nullam eget congue eros. Donec tincidunt dui arcu. Aliquam erat volutpat.<br/>Vivamus ullamcorper massa facilisis orci sodales imperdiet. Suspendisse aliquet sodales eros, sit amet tincidunt eros pulvinar et. Etiam id nibh enim. Nullam turpis enim, lacinia a dictum vitae, posuere non risus. Maecenas interdum augue eget nisl consectetur, in rhoncus ligula eleifend.<br/>Nullam non ligula consequat, consequat dolor et, vulputate nisl. Nunc varius mollis enim, euismod posuere quam malesuada at. '),
(27, 2, 'Charina Orange Heels', 400000, '27.png', 47, 29, 'Lorem ipsum dolor sit amet, consectetur adipiscing elit. Praesent elit lorem, scelerisque sed sapien non, vestibulum venenatis nisi. Nullam in arcu eleifend nunc volutpat venenatis a sed massa. Nullam eget congue eros. Donec tincidunt dui arcu. Aliquam erat volutpat.<br/>Vivamus ullamcorper massa facilisis orci sodales imperdiet. Suspendisse aliquet sodales eros, sit amet tincidunt eros pulvinar et. Etiam id nibh enim. Nullam turpis enim, lacinia a dictum vitae, posuere non risus. Maecenas interdum augue eget nisl consectetur, in rhoncus ligula eleifend.<br/>Nullam non ligula consequat, consequat dolor et, vulputate nisl. Nunc varius mollis enim, euismod posuere quam malesuada at. '),
(28, 2, 'Francisca Cream Heels', 450000, '28.jpg', 28, 16, 'Lorem ipsum dolor sit amet, consectetur adipiscing elit. Praesent elit lorem, scelerisque sed sapien non, vestibulum venenatis nisi. Nullam in arcu eleifend nunc volutpat venenatis a sed massa. Nullam eget congue eros. Donec tincidunt dui arcu. Aliquam erat volutpat.<br/>Vivamus ullamcorper massa facilisis orci sodales imperdiet. Suspendisse aliquet sodales eros, sit amet tincidunt eros pulvinar et. Etiam id nibh enim. Nullam turpis enim, lacinia a dictum vitae, posuere non risus. Maecenas interdum augue eget nisl consectetur, in rhoncus ligula eleifend.<br/>Nullam non ligula consequat, consequat dolor et, vulputate nisl. Nunc varius mollis enim, euismod posuere quam malesuada at. '),
(29, 2, 'Cambodia Pink Heels', 550000, '29.jpg', 25, 30, 'Lorem ipsum dolor sit amet, consectetur adipiscing elit. Praesent elit lorem, scelerisque sed sapien non, vestibulum venenatis nisi. Nullam in arcu eleifend nunc volutpat venenatis a sed massa. Nullam eget congue eros. Donec tincidunt dui arcu. Aliquam erat volutpat.<br/>Vivamus ullamcorper massa facilisis orci sodales imperdiet. Suspendisse aliquet sodales eros, sit amet tincidunt eros pulvinar et. Etiam id nibh enim. Nullam turpis enim, lacinia a dictum vitae, posuere non risus. Maecenas interdum augue eget nisl consectetur, in rhoncus ligula eleifend.<br/>Nullam non ligula consequat, consequat dolor et, vulputate nisl. Nunc varius mollis enim, euismod posuere quam malesuada at. '),
(30, 2, 'Mrs. Smith Heels', 440000, '30.jpg', 18, 20, 'Lorem ipsum dolor sit amet, consectetur adipiscing elit. Praesent elit lorem, scelerisque sed sapien non, vestibulum venenatis nisi. Nullam in arcu eleifend nunc volutpat venenatis a sed massa. Nullam eget congue eros. Donec tincidunt dui arcu. Aliquam erat volutpat.<br/>Vivamus ullamcorper massa facilisis orci sodales imperdiet. Suspendisse aliquet sodales eros, sit amet tincidunt eros pulvinar et. Etiam id nibh enim. Nullam turpis enim, lacinia a dictum vitae, posuere non risus. Maecenas interdum augue eget nisl consectetur, in rhoncus ligula eleifend.<br/>Nullam non ligula consequat, consequat dolor et, vulputate nisl. Nunc varius mollis enim, euismod posuere quam malesuada at. '),
(31, 3, 'White Stripped  Shirt', 450000, '31.jpg', 12, 12, 'Lorem ipsum dolor sit amet, consectetur adipiscing elit. Praesent elit lorem, scelerisque sed sapien non, vestibulum venenatis nisi. Nullam in arcu eleifend nunc volutpat venenatis a sed massa. Nullam eget congue eros. Donec tincidunt dui arcu. Aliquam erat volutpat.<br/>Vivamus ullamcorper massa facilisis orci sodales imperdiet. Suspendisse aliquet sodales eros, sit amet tincidunt eros pulvinar et. Etiam id nibh enim. Nullam turpis enim, lacinia a dictum vitae, posuere non risus. Maecenas interdum augue eget nisl consectetur, in rhoncus ligula eleifend.<br/>Nullam non ligula consequat, consequat dolor et, vulputate nisl. Nunc varius mollis enim, euismod posuere quam malesuada at. '),
(32, 3, 'Soft Blue  Shirt', 450000, '32.jpg', 47, 42, 'Lorem ipsum dolor sit amet, consectetur adipiscing elit. Praesent elit lorem, scelerisque sed sapien non, vestibulum venenatis nisi. Nullam in arcu eleifend nunc volutpat venenatis a sed massa. Nullam eget congue eros. Donec tincidunt dui arcu. Aliquam erat volutpat.<br/>Vivamus ullamcorper massa facilisis orci sodales imperdiet. Suspendisse aliquet sodales eros, sit amet tincidunt eros pulvinar et. Etiam id nibh enim. Nullam turpis enim, lacinia a dictum vitae, posuere non risus. Maecenas interdum augue eget nisl consectetur, in rhoncus ligula eleifend.<br/>Nullam non ligula consequat, consequat dolor et, vulputate nisl. Nunc varius mollis enim, euismod posuere quam malesuada at. '),
(33, 3, 'Denim  Shirt', 600000, '33.jpg', 40, 30, 'Lorem ipsum dolor sit amet, consectetur adipiscing elit. Praesent elit lorem, scelerisque sed sapien non, vestibulum venenatis nisi. Nullam in arcu eleifend nunc volutpat venenatis a sed massa. Nullam eget congue eros. Donec tincidunt dui arcu. Aliquam erat volutpat.<br/>Vivamus ullamcorper massa facilisis orci sodales imperdiet. Suspendisse aliquet sodales eros, sit amet tincidunt eros pulvinar et. Etiam id nibh enim. Nullam turpis enim, lacinia a dictum vitae, posuere non risus. Maecenas interdum augue eget nisl consectetur, in rhoncus ligula eleifend.<br/>Nullam non ligula consequat, consequat dolor et, vulputate nisl. Nunc varius mollis enim, euismod posuere quam malesuada at. '),
(34, 3, 'Brown  Shirt', 450000, '34.jpg', 20, 53, 'Lorem ipsum dolor sit amet, consectetur adipiscing elit. Praesent elit lorem, scelerisque sed sapien non, vestibulum venenatis nisi. Nullam in arcu eleifend nunc volutpat venenatis a sed massa. Nullam eget congue eros. Donec tincidunt dui arcu. Aliquam erat volutpat.<br/>Vivamus ullamcorper massa facilisis orci sodales imperdiet. Suspendisse aliquet sodales eros, sit amet tincidunt eros pulvinar et. Etiam id nibh enim. Nullam turpis enim, lacinia a dictum vitae, posuere non risus. Maecenas interdum augue eget nisl consectetur, in rhoncus ligula eleifend.<br/>Nullam non ligula consequat, consequat dolor et, vulputate nisl. Nunc varius mollis enim, euismod posuere quam malesuada at. '),
(35, 3, 'Basic Blue  Shirt', 300000, '35.jpg', 15, 32, 'Lorem ipsum dolor sit amet, consectetur adipiscing elit. Praesent elit lorem, scelerisque sed sapien non, vestibulum venenatis nisi. Nullam in arcu eleifend nunc volutpat venenatis a sed massa. Nullam eget congue eros. Donec tincidunt dui arcu. Aliquam erat volutpat.<br/>Vivamus ullamcorper massa facilisis orci sodales imperdiet. Suspendisse aliquet sodales eros, sit amet tincidunt eros pulvinar et. Etiam id nibh enim. Nullam turpis enim, lacinia a dictum vitae, posuere non risus. Maecenas interdum augue eget nisl consectetur, in rhoncus ligula eleifend.<br/>Nullam non ligula consequat, consequat dolor et, vulputate nisl. Nunc varius mollis enim, euismod posuere quam malesuada at. '),
(36, 3, 'St. Michael Black Shirt', 600000, '36.jpg', 25, 46, 'Lorem ipsum dolor sit amet, consectetur adipiscing elit. Praesent elit lorem, scelerisque sed sapien non, vestibulum venenatis nisi. Nullam in arcu eleifend nunc volutpat venenatis a sed massa. Nullam eget congue eros. Donec tincidunt dui arcu. Aliquam erat volutpat.<br/>Vivamus ullamcorper massa facilisis orci sodales imperdiet. Suspendisse aliquet sodales eros, sit amet tincidunt eros pulvinar et. Etiam id nibh enim. Nullam turpis enim, lacinia a dictum vitae, posuere non risus. Maecenas interdum augue eget nisl consectetur, in rhoncus ligula eleifend.<br/>Nullam non ligula consequat, consequat dolor et, vulputate nisl. Nunc varius mollis enim, euismod posuere quam malesuada at. '),
(37, 3, 'Basic White Shirt', 300000, '37.jpg', 32, 25, 'Lorem ipsum dolor sit amet, consectetur adipiscing elit. Praesent elit lorem, scelerisque sed sapien non, vestibulum venenatis nisi. Nullam in arcu eleifend nunc volutpat venenatis a sed massa. Nullam eget congue eros. Donec tincidunt dui arcu. Aliquam erat volutpat.<br/>Vivamus ullamcorper massa facilisis orci sodales imperdiet. Suspendisse aliquet sodales eros, sit amet tincidunt eros pulvinar et. Etiam id nibh enim. Nullam turpis enim, lacinia a dictum vitae, posuere non risus. Maecenas interdum augue eget nisl consectetur, in rhoncus ligula eleifend.<br/>Nullam non ligula consequat, consequat dolor et, vulputate nisl. Nunc varius mollis enim, euismod posuere quam malesuada at. '),
(38, 3, 'Oriental Modern  Shirt', 450000, '38.jpg', 29, 37, 'Lorem ipsum dolor sit amet, consectetur adipiscing elit. Praesent elit lorem, scelerisque sed sapien non, vestibulum venenatis nisi. Nullam in arcu eleifend nunc volutpat venenatis a sed massa. Nullam eget congue eros. Donec tincidunt dui arcu. Aliquam erat volutpat.<br/>Vivamus ullamcorper massa facilisis orci sodales imperdiet. Suspendisse aliquet sodales eros, sit amet tincidunt eros pulvinar et. Etiam id nibh enim. Nullam turpis enim, lacinia a dictum vitae, posuere non risus. Maecenas interdum augue eget nisl consectetur, in rhoncus ligula eleifend.<br/>Nullam non ligula consequat, consequat dolor et, vulputate nisl. Nunc varius mollis enim, euismod posuere quam malesuada at. '),
(39, 3, 'Blue Stripped Shirt', 450000, '39.jpg', 48, 48, 'Lorem ipsum dolor sit amet, consectetur adipiscing elit. Praesent elit lorem, scelerisque sed sapien non, vestibulum venenatis nisi. Nullam in arcu eleifend nunc volutpat venenatis a sed massa. Nullam eget congue eros. Donec tincidunt dui arcu. Aliquam erat volutpat.<br/>Vivamus ullamcorper massa facilisis orci sodales imperdiet. Suspendisse aliquet sodales eros, sit amet tincidunt eros pulvinar et. Etiam id nibh enim. Nullam turpis enim, lacinia a dictum vitae, posuere non risus. Maecenas interdum augue eget nisl consectetur, in rhoncus ligula eleifend.<br/>Nullam non ligula consequat, consequat dolor et, vulputate nisl. Nunc varius mollis enim, euismod posuere quam malesuada at. '),
(40, 3, 'Purple Stripped Shirt', 450000, '40.jpg', 27, 30, 'Lorem ipsum dolor sit amet, consectetur adipiscing elit. Praesent elit lorem, scelerisque sed sapien non, vestibulum venenatis nisi. Nullam in arcu eleifend nunc volutpat venenatis a sed massa. Nullam eget congue eros. Donec tincidunt dui arcu. Aliquam erat volutpat.<br/>Vivamus ullamcorper massa facilisis orci sodales imperdiet. Suspendisse aliquet sodales eros, sit amet tincidunt eros pulvinar et. Etiam id nibh enim. Nullam turpis enim, lacinia a dictum vitae, posuere non risus. Maecenas interdum augue eget nisl consectetur, in rhoncus ligula eleifend.<br/>Nullam non ligula consequat, consequat dolor et, vulputate nisl. Nunc varius mollis enim, euismod posuere quam malesuada at. '),
(41, 3, 'Black Squared Shirt', 500000, '41.jpg', 48, 46, 'Lorem ipsum dolor sit amet, consectetur adipiscing elit. Praesent elit lorem, scelerisque sed sapien non, vestibulum venenatis nisi. Nullam in arcu eleifend nunc volutpat venenatis a sed massa. Nullam eget congue eros. Donec tincidunt dui arcu. Aliquam erat volutpat.<br/>Vivamus ullamcorper massa facilisis orci sodales imperdiet. Suspendisse aliquet sodales eros, sit amet tincidunt eros pulvinar et. Etiam id nibh enim. Nullam turpis enim, lacinia a dictum vitae, posuere non risus. Maecenas interdum augue eget nisl consectetur, in rhoncus ligula eleifend.<br/>Nullam non ligula consequat, consequat dolor et, vulputate nisl. Nunc varius mollis enim, euismod posuere quam malesuada at. '),
(42, 3, 'Half Stripped Red Shirt', 500000, '42.jpg', 48, 36, 'Lorem ipsum dolor sit amet, consectetur adipiscing elit. Praesent elit lorem, scelerisque sed sapien non, vestibulum venenatis nisi. Nullam in arcu eleifend nunc volutpat venenatis a sed massa. Nullam eget congue eros. Donec tincidunt dui arcu. Aliquam erat volutpat.<br/>Vivamus ullamcorper massa facilisis orci sodales imperdiet. Suspendisse aliquet sodales eros, sit amet tincidunt eros pulvinar et. Etiam id nibh enim. Nullam turpis enim, lacinia a dictum vitae, posuere non risus. Maecenas interdum augue eget nisl consectetur, in rhoncus ligula eleifend.<br/>Nullam non ligula consequat, consequat dolor et, vulputate nisl. Nunc varius mollis enim, euismod posuere quam malesuada at. '),
(43, 3, 'Basic Black  Shirt', 300000, '43.jpg', 30, 36, 'Lorem ipsum dolor sit amet, consectetur adipiscing elit. Praesent elit lorem, scelerisque sed sapien non, vestibulum venenatis nisi. Nullam in arcu eleifend nunc volutpat venenatis a sed massa. Nullam eget congue eros. Donec tincidunt dui arcu. Aliquam erat volutpat.<br/>Vivamus ullamcorper massa facilisis orci sodales imperdiet. Suspendisse aliquet sodales eros, sit amet tincidunt eros pulvinar et. Etiam id nibh enim. Nullam turpis enim, lacinia a dictum vitae, posuere non risus. Maecenas interdum augue eget nisl consectetur, in rhoncus ligula eleifend.<br/>Nullam non ligula consequat, consequat dolor et, vulputate nisl. Nunc varius mollis enim, euismod posuere quam malesuada at. '),
(44, 3, 'Basic Red  Shirt', 300000, '44.jpg', 58, 38, 'Lorem ipsum dolor sit amet, consectetur adipiscing elit. Praesent elit lorem, scelerisque sed sapien non, vestibulum venenatis nisi. Nullam in arcu eleifend nunc volutpat venenatis a sed massa. Nullam eget congue eros. Donec tincidunt dui arcu. Aliquam erat volutpat.<br/>Vivamus ullamcorper massa facilisis orci sodales imperdiet. Suspendisse aliquet sodales eros, sit amet tincidunt eros pulvinar et. Etiam id nibh enim. Nullam turpis enim, lacinia a dictum vitae, posuere non risus. Maecenas interdum augue eget nisl consectetur, in rhoncus ligula eleifend.<br/>Nullam non ligula consequat, consequat dolor et, vulputate nisl. Nunc varius mollis enim, euismod posuere quam malesuada at. '),
(45, 3, 'Small Squared Shirt', 450000, '45.jpeg', 10, 16, 'Lorem ipsum dolor sit amet, consectetur adipiscing elit. Praesent elit lorem, scelerisque sed sapien non, vestibulum venenatis nisi. Nullam in arcu eleifend nunc volutpat venenatis a sed massa. Nullam eget congue eros. Donec tincidunt dui arcu. Aliquam erat volutpat.<br/>Vivamus ullamcorper massa facilisis orci sodales imperdiet. Suspendisse aliquet sodales eros, sit amet tincidunt eros pulvinar et. Etiam id nibh enim. Nullam turpis enim, lacinia a dictum vitae, posuere non risus. Maecenas interdum augue eget nisl consectetur, in rhoncus ligula eleifend.<br/>Nullam non ligula consequat, consequat dolor et, vulputate nisl. Nunc varius mollis enim, euismod posuere quam malesuada at. '),
(46, 4, 'Bally Brown', 450000, '46.jpg', 7, 30, 'Lorem ipsum dolor sit amet, consectetur adipiscing elit. Praesent elit lorem, scelerisque sed sapien non, vestibulum venenatis nisi. Nullam in arcu eleifend nunc volutpat venenatis a sed massa. Nullam eget congue eros. Donec tincidunt dui arcu. Aliquam erat volutpat.<br/>Vivamus ullamcorper massa facilisis orci sodales imperdiet. Suspendisse aliquet sodales eros, sit amet tincidunt eros pulvinar et. Etiam id nibh enim. Nullam turpis enim, lacinia a dictum vitae, posuere non risus. Maecenas interdum augue eget nisl consectetur, in rhoncus ligula eleifend.<br/>Nullam non ligula consequat, consequat dolor et, vulputate nisl. Nunc varius mollis enim, euismod posuere quam malesuada at. '),
(47, 4, 'Agnes Fall Winter', 470000, '47.jpg', 2, 20, 'Lorem ipsum dolor sit amet, consectetur adipiscing elit. Praesent elit lorem, scelerisque sed sapien non, vestibulum venenatis nisi. Nullam in arcu eleifend nunc volutpat venenatis a sed massa. Nullam eget congue eros. Donec tincidunt dui arcu. Aliquam erat volutpat.<br/>Vivamus ullamcorper massa facilisis orci sodales imperdiet. Suspendisse aliquet sodales eros, sit amet tincidunt eros pulvinar et. Etiam id nibh enim. Nullam turpis enim, lacinia a dictum vitae, posuere non risus. Maecenas interdum augue eget nisl consectetur, in rhoncus ligula eleifend.<br/>Nullam non ligula consequat, consequat dolor et, vulputate nisl. Nunc varius mollis enim, euismod posuere quam malesuada at. '),
(48, 4, 'Bally Brown ', 450000, '48.jpg', 5, 54, 'Lorem ipsum dolor sit amet, consectetur adipiscing elit. Praesent elit lorem, scelerisque sed sapien non, vestibulum venenatis nisi. Nullam in arcu eleifend nunc volutpat venenatis a sed massa. Nullam eget congue eros. Donec tincidunt dui arcu. Aliquam erat volutpat.<br/>Vivamus ullamcorper massa facilisis orci sodales imperdiet. Suspendisse aliquet sodales eros, sit amet tincidunt eros pulvinar et. Etiam id nibh enim. Nullam turpis enim, lacinia a dictum vitae, posuere non risus. Maecenas interdum augue eget nisl consectetur, in rhoncus ligula eleifend.<br/>Nullam non ligula consequat, consequat dolor et, vulputate nisl. Nunc varius mollis enim, euismod posuere quam malesuada at. '),
(49, 4, 'Cornelis Black', 550000, '49.jpg', 14, 48, 'Lorem ipsum dolor sit amet, consectetur adipiscing elit. Praesent elit lorem, scelerisque sed sapien non, vestibulum venenatis nisi. Nullam in arcu eleifend nunc volutpat venenatis a sed massa. Nullam eget congue eros. Donec tincidunt dui arcu. Aliquam erat volutpat.<br/>Vivamus ullamcorper massa facilisis orci sodales imperdiet. Suspendisse aliquet sodales eros, sit amet tincidunt eros pulvinar et. Etiam id nibh enim. Nullam turpis enim, lacinia a dictum vitae, posuere non risus. Maecenas interdum augue eget nisl consectetur, in rhoncus ligula eleifend.<br/>Nullam non ligula consequat, consequat dolor et, vulputate nisl. Nunc varius mollis enim, euismod posuere quam malesuada at. '),
(50, 4, 'Cerase Paciotti White', 550000, '50.jpg', 20, 38, 'Lorem ipsum dolor sit amet, consectetur adipiscing elit. Praesent elit lorem, scelerisque sed sapien non, vestibulum venenatis nisi. Nullam in arcu eleifend nunc volutpat venenatis a sed massa. Nullam eget congue eros. Donec tincidunt dui arcu. Aliquam erat volutpat.<br/>Vivamus ullamcorper massa facilisis orci sodales imperdiet. Suspendisse aliquet sodales eros, sit amet tincidunt eros pulvinar et. Etiam id nibh enim. Nullam turpis enim, lacinia a dictum vitae, posuere non risus. Maecenas interdum augue eget nisl consectetur, in rhoncus ligula eleifend.<br/>Nullam non ligula consequat, consequat dolor et, vulputate nisl. Nunc varius mollis enim, euismod posuere quam malesuada at. '),
(51, 4, 'Leisure Black-Red', 760000, '51.jpg', 13, 58, 'Lorem ipsum dolor sit amet, consectetur adipiscing elit. Praesent elit lorem, scelerisque sed sapien non, vestibulum venenatis nisi. Nullam in arcu eleifend nunc volutpat venenatis a sed massa. Nullam eget congue eros. Donec tincidunt dui arcu. Aliquam erat volutpat.<br/>Vivamus ullamcorper massa facilisis orci sodales imperdiet. Suspendisse aliquet sodales eros, sit amet tincidunt eros pulvinar et. Etiam id nibh enim. Nullam turpis enim, lacinia a dictum vitae, posuere non risus. Maecenas interdum augue eget nisl consectetur, in rhoncus ligula eleifend.<br/>Nullam non ligula consequat, consequat dolor et, vulputate nisl. Nunc varius mollis enim, euismod posuere quam malesuada at. '),
(52, 4, 'Calventino Green', 470000, '52.jpg', 21, 38, 'Lorem ipsum dolor sit amet, consectetur adipiscing elit. Praesent elit lorem, scelerisque sed sapien non, vestibulum venenatis nisi. Nullam in arcu eleifend nunc volutpat venenatis a sed massa. Nullam eget congue eros. Donec tincidunt dui arcu. Aliquam erat volutpat.<br/>Vivamus ullamcorper massa facilisis orci sodales imperdiet. Suspendisse aliquet sodales eros, sit amet tincidunt eros pulvinar et. Etiam id nibh enim. Nullam turpis enim, lacinia a dictum vitae, posuere non risus. Maecenas interdum augue eget nisl consectetur, in rhoncus ligula eleifend.<br/>Nullam non ligula consequat, consequat dolor et, vulputate nisl. Nunc varius mollis enim, euismod posuere quam malesuada at. '),
(53, 4, 'Valentino Brown', 520000, '53.jpg', 19, 49, 'Lorem ipsum dolor sit amet, consectetur adipiscing elit. Praesent elit lorem, scelerisque sed sapien non, vestibulum venenatis nisi. Nullam in arcu eleifend nunc volutpat venenatis a sed massa. Nullam eget congue eros. Donec tincidunt dui arcu. Aliquam erat volutpat.<br/>Vivamus ullamcorper massa facilisis orci sodales imperdiet. Suspendisse aliquet sodales eros, sit amet tincidunt eros pulvinar et. Etiam id nibh enim. Nullam turpis enim, lacinia a dictum vitae, posuere non risus. Maecenas interdum augue eget nisl consectetur, in rhoncus ligula eleifend.<br/>Nullam non ligula consequat, consequat dolor et, vulputate nisl. Nunc varius mollis enim, euismod posuere quam malesuada at. '),
(54, 4, 'Pointy Toed', 480000, '54.jpg', 29, 60, 'Lorem ipsum dolor sit amet, consectetur adipiscing elit. Praesent elit lorem, scelerisque sed sapien non, vestibulum venenatis nisi. Nullam in arcu eleifend nunc volutpat venenatis a sed massa. Nullam eget congue eros. Donec tincidunt dui arcu. Aliquam erat volutpat.<br/>Vivamus ullamcorper massa facilisis orci sodales imperdiet. Suspendisse aliquet sodales eros, sit amet tincidunt eros pulvinar et. Etiam id nibh enim. Nullam turpis enim, lacinia a dictum vitae, posuere non risus. Maecenas interdum augue eget nisl consectetur, in rhoncus ligula eleifend.<br/>Nullam non ligula consequat, consequat dolor et, vulputate nisl. Nunc varius mollis enim, euismod posuere quam malesuada at. '),
(55, 4, 'Bally Light Brown', 450000, '55.jpg', 9, 40, 'Lorem ipsum dolor sit amet, consectetur adipiscing elit. Praesent elit lorem, scelerisque sed sapien non, vestibulum venenatis nisi. Nullam in arcu eleifend nunc volutpat venenatis a sed massa. Nullam eget congue eros. Donec tincidunt dui arcu. Aliquam erat volutpat.<br/>Vivamus ullamcorper massa facilisis orci sodales imperdiet. Suspendisse aliquet sodales eros, sit amet tincidunt eros pulvinar et. Etiam id nibh enim. Nullam turpis enim, lacinia a dictum vitae, posuere non risus. Maecenas interdum augue eget nisl consectetur, in rhoncus ligula eleifend.<br/>Nullam non ligula consequat, consequat dolor et, vulputate nisl. Nunc varius mollis enim, euismod posuere quam malesuada at. '),
(56, 4, 'Cerase Paciotti Brown', 500000, '56.jpg', 2, 95, 'Lorem ipsum dolor sit amet, consectetur adipiscing elit. Praesent elit lorem, scelerisque sed sapien non, vestibulum venenatis nisi. Nullam in arcu eleifend nunc volutpat venenatis a sed massa. Nullam eget congue eros. Donec tincidunt dui arcu. Aliquam erat volutpat.<br/>Vivamus ullamcorper massa facilisis orci sodales imperdiet. Suspendisse aliquet sodales eros, sit amet tincidunt eros pulvinar et. Etiam id nibh enim. Nullam turpis enim, lacinia a dictum vitae, posuere non risus. Maecenas interdum augue eget nisl consectetur, in rhoncus ligula eleifend.<br/>Nullam non ligula consequat, consequat dolor et, vulputate nisl. Nunc varius mollis enim, euismod posuere quam malesuada at. '),
(57, 4, 'Traveller Cream', 920000, '57.jpg', 29, 38, 'Lorem ipsum dolor sit amet, consectetur adipiscing elit. Praesent elit lorem, scelerisque sed sapien non, vestibulum venenatis nisi. Nullam in arcu eleifend nunc volutpat venenatis a sed massa. Nullam eget congue eros. Donec tincidunt dui arcu. Aliquam erat volutpat.<br/>Vivamus ullamcorper massa facilisis orci sodales imperdiet. Suspendisse aliquet sodales eros, sit amet tincidunt eros pulvinar et. Etiam id nibh enim. Nullam turpis enim, lacinia a dictum vitae, posuere non risus. Maecenas interdum augue eget nisl consectetur, in rhoncus ligula eleifend.<br/>Nullam non ligula consequat, consequat dolor et, vulputate nisl. Nunc varius mollis enim, euismod posuere quam malesuada at. '),
(58, 4, 'Nicole Brown', 680000, '58.jpg', 32, 27, 'Lorem ipsum dolor sit amet, consectetur adipiscing elit. Praesent elit lorem, scelerisque sed sapien non, vestibulum venenatis nisi. Nullam in arcu eleifend nunc volutpat venenatis a sed massa. Nullam eget congue eros. Donec tincidunt dui arcu. Aliquam erat volutpat.<br/>Vivamus ullamcorper massa facilisis orci sodales imperdiet. Suspendisse aliquet sodales eros, sit amet tincidunt eros pulvinar et. Etiam id nibh enim. Nullam turpis enim, lacinia a dictum vitae, posuere non risus. Maecenas interdum augue eget nisl consectetur, in rhoncus ligula eleifend.<br/>Nullam non ligula consequat, consequat dolor et, vulputate nisl. Nunc varius mollis enim, euismod posuere quam malesuada at. '),
(59, 4, 'Painted Cream', 580000, '59.jpg', 21, 48, 'Lorem ipsum dolor sit amet, consectetur adipiscing elit. Praesent elit lorem, scelerisque sed sapien non, vestibulum venenatis nisi. Nullam in arcu eleifend nunc volutpat venenatis a sed massa. Nullam eget congue eros. Donec tincidunt dui arcu. Aliquam erat volutpat.<br/>Vivamus ullamcorper massa facilisis orci sodales imperdiet. Suspendisse aliquet sodales eros, sit amet tincidunt eros pulvinar et. Etiam id nibh enim. Nullam turpis enim, lacinia a dictum vitae, posuere non risus. Maecenas interdum augue eget nisl consectetur, in rhoncus ligula eleifend.<br/>Nullam non ligula consequat, consequat dolor et, vulputate nisl. Nunc varius mollis enim, euismod posuere quam malesuada at. '),
(60, 4, 'Joe Salvy Orange', 750000, '60.jpg', 49, 37, 'Lorem ipsum dolor sit amet, consectetur adipiscing elit. Praesent elit lorem, scelerisque sed sapien non, vestibulum venenatis nisi. Nullam in arcu eleifend nunc volutpat venenatis a sed massa. Nullam eget congue eros. Donec tincidunt dui arcu. Aliquam erat volutpat.<br/>Vivamus ullamcorper massa facilisis orci sodales imperdiet. Suspendisse aliquet sodales eros, sit amet tincidunt eros pulvinar et. Etiam id nibh enim. Nullam turpis enim, lacinia a dictum vitae, posuere non risus. Maecenas interdum augue eget nisl consectetur, in rhoncus ligula eleifend.<br/>Nullam non ligula consequat, consequat dolor et, vulputate nisl. Nunc varius mollis enim, euismod posuere quam malesuada at. '),
(61, 5, 'Alpine', 100000, '61.jpg', 20, 0, 'Lorem ipsum dolor sit amet, consectetur adipiscing elit. Praesent elit lorem, scelerisque sed sapien non, vestibulum venenatis nisi. Nullam in arcu eleifend nunc volutpat venenatis a sed massa. Nullam eget congue eros. Donec tincidunt dui arcu. Aliquam erat volutpat.<br/>Vivamus ullamcorper massa facilisis orci sodales imperdiet. Suspendisse aliquet sodales eros, sit amet tincidunt eros pulvinar et. Etiam id nibh enim. Nullam turpis enim, lacinia a dictum vitae, posuere non risus. Maecenas interdum augue eget nisl consectetur, in rhoncus ligula eleifend.<br/>Nullam non ligula consequat, consequat dolor et, vulputate nisl. Nunc varius mollis enim, euismod posuere quam malesuada at. '),
(62, 5, 'Annie Hall', 120000, '62.jpg', 15, 0, 'Lorem ipsum dolor sit amet, consectetur adipiscing elit. Praesent elit lorem, scelerisque sed sapien non, vestibulum venenatis nisi. Nullam in arcu eleifend nunc volutpat venenatis a sed massa. Nullam eget congue eros. Donec tincidunt dui arcu. Aliquam erat volutpat.<br/>Vivamus ullamcorper massa facilisis orci sodales imperdiet. Suspendisse aliquet sodales eros, sit amet tincidunt eros pulvinar et. Etiam id nibh enim. Nullam turpis enim, lacinia a dictum vitae, posuere non risus. Maecenas interdum augue eget nisl consectetur, in rhoncus ligula eleifend.<br/>Nullam non ligula consequat, consequat dolor et, vulputate nisl. Nunc varius mollis enim, euismod posuere quam malesuada at. '),
(63, 5, 'Arctic Cap', 80000, '63.jpg', 28, 0, 'Lorem ipsum dolor sit amet, consectetur adipiscing elit. Praesent elit lorem, scelerisque sed sapien non, vestibulum venenatis nisi. Nullam in arcu eleifend nunc volutpat venenatis a sed massa. Nullam eget congue eros. Donec tincidunt dui arcu. Aliquam erat volutpat.<br/>Vivamus ullamcorper massa facilisis orci sodales imperdiet. Suspendisse aliquet sodales eros, sit amet tincidunt eros pulvinar et. Etiam id nibh enim. Nullam turpis enim, lacinia a dictum vitae, posuere non risus. Maecenas interdum augue eget nisl consectetur, in rhoncus ligula eleifend.<br/>Nullam non ligula consequat, consequat dolor et, vulputate nisl. Nunc varius mollis enim, euismod posuere quam malesuada at. '),
(64, 5, 'Atef', 140000, '64.jpg', 34, 0, 'Lorem ipsum dolor sit amet, consectetur adipiscing elit. Praesent elit lorem, scelerisque sed sapien non, vestibulum venenatis nisi. Nullam in arcu eleifend nunc volutpat venenatis a sed massa. Nullam eget congue eros. Donec tincidunt dui arcu. Aliquam erat volutpat.<br/>Vivamus ullamcorper massa facilisis orci sodales imperdiet. Suspendisse aliquet sodales eros, sit amet tincidunt eros pulvinar et. Etiam id nibh enim. Nullam turpis enim, lacinia a dictum vitae, posuere non risus. Maecenas interdum augue eget nisl consectetur, in rhoncus ligula eleifend.<br/>Nullam non ligula consequat, consequat dolor et, vulputate nisl. Nunc varius mollis enim, euismod posuere quam malesuada at. '),
(65, 5, 'Baby Stuart Cap', 75000, '65.jpg', 21, 0, 'Lorem ipsum dolor sit amet, consectetur adipiscing elit. Praesent elit lorem, scelerisque sed sapien non, vestibulum venenatis nisi. Nullam in arcu eleifend nunc volutpat venenatis a sed massa. Nullam eget congue eros. Donec tincidunt dui arcu. Aliquam erat volutpat.<br/>Vivamus ullamcorper massa facilisis orci sodales imperdiet. Suspendisse aliquet sodales eros, sit amet tincidunt eros pulvinar et. Etiam id nibh enim. Nullam turpis enim, lacinia a dictum vitae, posuere non risus. Maecenas interdum augue eget nisl consectetur, in rhoncus ligula eleifend.<br/>Nullam non ligula consequat, consequat dolor et, vulputate nisl. Nunc varius mollis enim, euismod posuere quam malesuada at. '),
(66, 5, 'Baigneuse', 120000, '66.jpg', 45, 0, 'Lorem ipsum dolor sit amet, consectetur adipiscing elit. Praesent elit lorem, scelerisque sed sapien non, vestibulum venenatis nisi. Nullam in arcu eleifend nunc volutpat venenatis a sed massa. Nullam eget congue eros. Donec tincidunt dui arcu. Aliquam erat volutpat.<br/>Vivamus ullamcorper massa facilisis orci sodales imperdiet. Suspendisse aliquet sodales eros, sit amet tincidunt eros pulvinar et. Etiam id nibh enim. Nullam turpis enim, lacinia a dictum vitae, posuere non risus. Maecenas interdum augue eget nisl consectetur, in rhoncus ligula eleifend.<br/>Nullam non ligula consequat, consequat dolor et, vulputate nisl. Nunc varius mollis enim, euismod posuere quam malesuada at. ');
INSERT INTO `barang` (`id`, `id_kategori`, `nama`, `harga`, `gambar`, `stok`, `counter`, `keterangan`) VALUES
(67, 5, 'Cartwheel', 110000, '67.jpg', 6, 0, 'Lorem ipsum dolor sit amet, consectetur adipiscing elit. Praesent elit lorem, scelerisque sed sapien non, vestibulum venenatis nisi. Nullam in arcu eleifend nunc volutpat venenatis a sed massa. Nullam eget congue eros. Donec tincidunt dui arcu. Aliquam erat volutpat.<br/>Vivamus ullamcorper massa facilisis orci sodales imperdiet. Suspendisse aliquet sodales eros, sit amet tincidunt eros pulvinar et. Etiam id nibh enim. Nullam turpis enim, lacinia a dictum vitae, posuere non risus. Maecenas interdum augue eget nisl consectetur, in rhoncus ligula eleifend.<br/>Nullam non ligula consequat, consequat dolor et, vulputate nisl. Nunc varius mollis enim, euismod posuere quam malesuada at. '),
(68, 5, 'Casque', 89000, '68.jpg', 23, 0, 'Lorem ipsum dolor sit amet, consectetur adipiscing elit. Praesent elit lorem, scelerisque sed sapien non, vestibulum venenatis nisi. Nullam in arcu eleifend nunc volutpat venenatis a sed massa. Nullam eget congue eros. Donec tincidunt dui arcu. Aliquam erat volutpat.<br/>Vivamus ullamcorper massa facilisis orci sodales imperdiet. Suspendisse aliquet sodales eros, sit amet tincidunt eros pulvinar et. Etiam id nibh enim. Nullam turpis enim, lacinia a dictum vitae, posuere non risus. Maecenas interdum augue eget nisl consectetur, in rhoncus ligula eleifend.<br/>Nullam non ligula consequat, consequat dolor et, vulputate nisl. Nunc varius mollis enim, euismod posuere quam malesuada at. '),
(69, 5, 'Cardinals Hat', 75000, '69.jpg', 12, 0, 'Lorem ipsum dolor sit amet, consectetur adipiscing elit. Praesent elit lorem, scelerisque sed sapien non, vestibulum venenatis nisi. Nullam in arcu eleifend nunc volutpat venenatis a sed massa. Nullam eget congue eros. Donec tincidunt dui arcu. Aliquam erat volutpat.<br/>Vivamus ullamcorper massa facilisis orci sodales imperdiet. Suspendisse aliquet sodales eros, sit amet tincidunt eros pulvinar et. Etiam id nibh enim. Nullam turpis enim, lacinia a dictum vitae, posuere non risus. Maecenas interdum augue eget nisl consectetur, in rhoncus ligula eleifend.<br/>Nullam non ligula consequat, consequat dolor et, vulputate nisl. Nunc varius mollis enim, euismod posuere quam malesuada at. '),
(70, 5, 'Carter Cap', 60000, '70.jpg', 56, 0, 'Lorem ipsum dolor sit amet, consectetur adipiscing elit. Praesent elit lorem, scelerisque sed sapien non, vestibulum venenatis nisi. Nullam in arcu eleifend nunc volutpat venenatis a sed massa. Nullam eget congue eros. Donec tincidunt dui arcu. Aliquam erat volutpat.<br/>Vivamus ullamcorper massa facilisis orci sodales imperdiet. Suspendisse aliquet sodales eros, sit amet tincidunt eros pulvinar et. Etiam id nibh enim. Nullam turpis enim, lacinia a dictum vitae, posuere non risus. Maecenas interdum augue eget nisl consectetur, in rhoncus ligula eleifend.<br/>Nullam non ligula consequat, consequat dolor et, vulputate nisl. Nunc varius mollis enim, euismod posuere quam malesuada at. '),
(71, 5, 'Dormeuse', 100000, '71.jpg', 21, 0, 'Lorem ipsum dolor sit amet, consectetur adipiscing elit. Praesent elit lorem, scelerisque sed sapien non, vestibulum venenatis nisi. Nullam in arcu eleifend nunc volutpat venenatis a sed massa. Nullam eget congue eros. Donec tincidunt dui arcu. Aliquam erat volutpat.<br/>Vivamus ullamcorper massa facilisis orci sodales imperdiet. Suspendisse aliquet sodales eros, sit amet tincidunt eros pulvinar et. Etiam id nibh enim. Nullam turpis enim, lacinia a dictum vitae, posuere non risus. Maecenas interdum augue eget nisl consectetur, in rhoncus ligula eleifend.<br/>Nullam non ligula consequat, consequat dolor et, vulputate nisl. Nunc varius mollis enim, euismod posuere quam malesuada at. ');

-- --------------------------------------------------------

--
-- Struktur dari tabel `kategori`
--

DROP TABLE IF EXISTS `kategori`;
CREATE TABLE IF NOT EXISTS `kategori` (
  `id` int(11) NOT NULL AUTO_INCREMENT,
  `nama_kategori` varchar(50) NOT NULL,
  `gambar` varchar(100) NOT NULL,
  `deskripsi` varchar(100) NOT NULL,
  `sub_deskripsi` varchar(100) NOT NULL,
  PRIMARY KEY (`id`)
) ENGINE=InnoDB  DEFAULT CHARSET=latin1 AUTO_INCREMENT=6 ;

--
-- Dumping data untuk tabel `kategori`
--

INSERT INTO `kategori` (`id`, `nama_kategori`, `gambar`, `deskripsi`, `sub_deskripsi`) VALUES
(1, 'Ladies Dress', '1.jpg', 'makanan sehat', 'beras, singkong, dll'),
(2, 'Ladies Shoes', '2.jpg', '', ''),
(3, 'Men Shirt', '3.jpg', '', ''),
(4, 'Men Shoes', '4.jpg', 'Raihlah awan setinggi mungkin', 'Kurang tinggi? Pegang aja bulan'),
(5, 'Men Hat', '5.jpg', '', '');

-- --------------------------------------------------------

--
-- Struktur dari tabel `kredit`
--

DROP TABLE IF EXISTS `kredit`;
CREATE TABLE IF NOT EXISTS `kredit` (
  `id` int(11) NOT NULL AUTO_INCREMENT,
  `id_account` int(11) NOT NULL,
  `card_number` varchar(128) NOT NULL,
  `name_of_card` varchar(128) NOT NULL,
  `expired_date` date NOT NULL,
  PRIMARY KEY (`id`),
  KEY `account_kredit` (`id_account`)
) ENGINE=InnoDB  DEFAULT CHARSET=latin1 AUTO_INCREMENT=14 ;

--
-- Dumping data untuk tabel `kredit`
--

INSERT INTO `kredit` (`id`, `id_account`, `card_number`, `name_of_card`, `expired_date`) VALUES
(1, 2, '022123123123', 'sonny lazuardi', '2013-12-12'),
(13, 5, '023123123', 'evan daryanto', '2013-11-22');

-- --------------------------------------------------------

--
-- Struktur dari tabel `order`
--

DROP TABLE IF EXISTS `order`;
CREATE TABLE IF NOT EXISTS `order` (
  `id` int(11) NOT NULL AUTO_INCREMENT,
  `id_account` int(11) NOT NULL,
  `total` int(11) NOT NULL,
  PRIMARY KEY (`id`),
  KEY `order_card` (`id_account`)
) ENGINE=InnoDB  DEFAULT CHARSET=latin1 AUTO_INCREMENT=3 ;

--
-- Dumping data untuk tabel `order`
--

INSERT INTO `order` (`id`, `id_account`, `total`) VALUES
(1, 5, 0),
(2, 5, 0);

-- --------------------------------------------------------

--
-- Struktur dari tabel `order_item`
--

DROP TABLE IF EXISTS `order_item`;
CREATE TABLE IF NOT EXISTS `order_item` (
  `id` int(11) NOT NULL AUTO_INCREMENT,
  `id_order` int(11) NOT NULL,
  `id_barang` int(11) NOT NULL,
  `jumlah` int(11) NOT NULL,
  `tambahan` varchar(140) NOT NULL,
  PRIMARY KEY (`id`),
  KEY `order_item` (`id_order`),
  KEY `barang_item` (`id_barang`)
) ENGINE=InnoDB  DEFAULT CHARSET=latin1 AUTO_INCREMENT=4 ;

--
-- Dumping data untuk tabel `order_item`
--

INSERT INTO `order_item` (`id`, `id_order`, `id_barang`, `jumlah`, `tambahan`) VALUES
(1, 1, 9, 3, ''),
(2, 2, 24, 4, ''),
(3, 2, 13, 1, '');

--
-- Ketidakleluasaan untuk tabel pelimpahan (Dumped Tables)
--

--
-- Ketidakleluasaan untuk tabel `kredit`
--
ALTER TABLE `kredit`
  ADD CONSTRAINT `account_kredit` FOREIGN KEY (`id_account`) REFERENCES `account` (`id`) ON DELETE CASCADE ON UPDATE CASCADE;

--
-- Ketidakleluasaan untuk tabel `order`
--
ALTER TABLE `order`
  ADD CONSTRAINT `order_card` FOREIGN KEY (`id_account`) REFERENCES `account` (`id`) ON DELETE CASCADE ON UPDATE CASCADE;

--
-- Ketidakleluasaan untuk tabel `order_item`
--
ALTER TABLE `order_item`
  ADD CONSTRAINT `barang_item` FOREIGN KEY (`id_barang`) REFERENCES `barang` (`id`) ON DELETE CASCADE ON UPDATE CASCADE,
  ADD CONSTRAINT `order_item` FOREIGN KEY (`id_order`) REFERENCES `order` (`id`) ON DELETE CASCADE ON UPDATE CASCADE;
SET FOREIGN_KEY_CHECKS=1;

/*!40101 SET CHARACTER_SET_CLIENT=@OLD_CHARACTER_SET_CLIENT */;
/*!40101 SET CHARACTER_SET_RESULTS=@OLD_CHARACTER_SET_RESULTS */;
/*!40101 SET COLLATION_CONNECTION=@OLD_COLLATION_CONNECTION */;
